{
  "control_max": 1.2035198211669922,
  "flagged": false,
  "gap": 0.3160080909729004,
  "ratio": 0.7920353496317956,
  "target_delta": -1.5195279121398926,
  "threshold": 0.8
}