{
  "control_max": 1.2032251358032227,
  "flagged": false,
  "gap": 0.31630969047546387,
  "ratio": 0.7918378144381852,
  "target_delta": -1.5195348262786865,
  "threshold": 0.8
}