{
  "control_max": -3.2503719329833984,
  "flagged": true,
  "gap": -1.9813258647918701,
  "ratio": 2.5612718201911977,
  "target_delta": 1.2690460681915283,
  "threshold": 0.8
}