{
  "control_max": -3.2503862380981445,
  "flagged": true,
  "gap": -1.9812836647033691,
  "ratio": 2.5611690546049015,
  "target_delta": 1.2691025733947754,
  "threshold": 0.8
}